nb,vertices,support
253,"[190166, 190624]",95
761,"[190162, 190166]",92
100,"[190624, 190629]",91
760,"[190166, 1059712]",91
375,"[190166, 190624, 190629]",91
875,"[190162, 190166, 190624]",91
684,"[190166, 190824]",90
928,"[190162, 190166, 190624, 190629]",90
296,"[190166, 190624, 190824]",90
1,"[190624, 271009]",90
309,"[190166, 190624, 1059712]",90
538,"[190162, 190624]",90
1002,"[190162, 190166, 1059712]",90
610,"[190162, 190624, 190166]",90
310,"[190166, 190624, 271009]",90
779,"[190162, 190166, 271009]",89
762,"[190162, 190166, 190624]",89
788,"[190162, 190166, 271009, 1059712]",89
39,"[190166, 246171]",89
876,"[190162, 190166, 190624]",89
404,"[190166, 190624, 190629, 271009]",89
489,"[190166, 190624, 190824]",89
732,"[190166, 190824, 190624, 1059712]",89
494,"[190166, 190624, 190824, 1059712]",89
101,"[190624, 190629, 271009]",89
32,"[190629, 246171]",89
31,"[190629, 254723]",89
905,"[190162, 190166, 190624, 190824]",89
308,"[190166, 190624, 190824, 1059712]",89
910,"[190162, 190166, 190624, 1059712]",89
515,"[190166, 190624, 190824, 1059712]",89
3,"[190166, 271009]",89
6,"[190166, 271009, 1059712]",89
242,"[190624, 190824]",89
258,"[190166, 190624, 246171]",89
969,"[190162, 190166, 190824]",89
695,"[190166, 190824, 246171]",89
719,"[190166, 190824, 1059712]",89
300,"[190166, 190624, 190824, 246171]",89
720,"[190166, 190824, 190624]",89
488,"[190166, 190624, 190824]",89
507,"[190166, 190624, 190824, 190629]",88
511,"[190166, 190624, 190824, 190629, 1059712]",88
469,"[190166, 190624, 191040, 271009]",88
492,"[190166, 190624, 190824, 190629]",88
491,"[190166, 190624, 190824, 246171]",88
559,"[190162, 190624, 190629]",88
501,"[190166, 190624, 190824, 246171]",88
591,"[190162, 190624, 190824]",88
601,"[190162, 190624, 190824, 190166]",88
607,"[190162, 190624, 190824, 190166, 190629]",88
609,"[190162, 190624, 190824, 190166, 1059712]",88
389,"[190166, 190624, 190629, 246171]",88
445,"[190166, 190624, 191040]",88
294,"[190166, 190624, 257527]",88
170,"[190166, 190629, 190824, 190624]",88
174,"[190166, 190629, 190824, 190624, 1059712]",88
178,"[190166, 190629, 1059712]",88
235,"[190624, 191040]",88
236,"[190624, 191040, 271009]",88
254,"[190166, 190624, 271009]",88
257,"[190166, 190624, 271009, 1059712]",88
264,"[190166, 190624, 246171, 1059712]",88
271,"[190166, 190624, 190629]",88
282,"[190166, 190624, 190629, 190824]",88
286,"[190166, 190624, 190629, 190824, 1059712]",88
287,"[190166, 190624, 190629, 1059712]",88
303,"[190166, 190624, 190824, 246171, 1059712]",88
438,"[190166, 190624, 190629, 254723]",88
317,"[190166, 190624, 271009, 246171]",88
328,"[190166, 190624, 271009, 257527]",88
330,"[190166, 190624, 271009, 190824]",88
331,"[190166, 190624, 271009, 190824, 246171]",88
386,"[190166, 190624, 190629, 271009]",88
388,"[190166, 190624, 190629, 271009, 1059712]",88
623,"[190162, 190624, 190166, 190824]",88
398,"[190166, 190624, 190629, 190824]",88
400,"[190166, 190624, 190629, 190824, 246171]",88
403,"[190166, 190624, 190629, 1059712]",88
406,"[190166, 190624, 190629, 271009, 246171]",88
410,"[190166, 190624, 190629, 271009, 190824]",88
615,"[190162, 190624, 190166, 190629]",88
504,"[190166, 190624, 190824, 246171, 1059712]",88
645,"[190162, 190624, 190166, 190629]",88
650,"[190162, 190624, 190166, 190629, 190824]",88
890,"[190162, 190166, 190624, 271009, 1059712]",88
891,"[190162, 190166, 190624, 246171]",88
896,"[190162, 190166, 190624, 190629]",88
900,"[190162, 190166, 190624, 190629, 190824]",88
901,"[190162, 190166, 190624, 190629, 1059712]",88
907,"[190162, 190166, 190624, 190824, 246171]",88
909,"[190162, 190166, 190624, 190824, 1059712]",88
911,"[190162, 190166, 190624, 271009]",88
913,"[190162, 190166, 190624, 271009, 246171]",88
916,"[190162, 190166, 190624, 271009, 190824]",88
930,"[190162, 190166, 190624, 190629, 271009]",88
931,"[190162, 190166, 190624, 190629, 246171]",88
933,"[190162, 190166, 190624, 190629, 190824]",88
934,"[190162, 190166, 190624, 190629, 1059712]",88
935,"[190162, 190166, 190624, 190629, 271009]",88
950,"[190162, 190166, 190624, 190824]",88
951,"[190162, 190166, 190624, 190824]",88
954,"[190162, 190166, 190624, 190824, 190629]",88
956,"[190162, 190166, 190624, 190824, 1059712]",88
970,"[190162, 190166, 190824, 190624]",88
980,"[190162, 190166, 190824, 246171]",88
990,"[190162, 190166, 190824, 1059712]",88
991,"[190162, 190166, 190824, 1059712, 190624]",88
992,"[190162, 190166, 190824, 190624]",88
993,"[190162, 190166, 190824, 190624]",88
997,"[190162, 190166, 190824, 190624, 1059712]",88
1003,"[190162, 190166, 1059712, 190624]",88
888,"[190162, 190166, 190624, 271009]",88
887,"[190162, 190166, 190624, 190824]",88
885,"[190162, 190166, 190624, 190629]",88
767,"[190162, 190166, 190624, 190629]",88
654,"[190162, 190624, 190166, 190629, 190824]",88
655,"[190162, 190624, 190166, 190629, 1059712]",88
664,"[190162, 190624, 190166, 190824]",88
665,"[190162, 190624, 190166, 190824]",88
673,"[190162, 190624, 190166, 190824, 1059712]",88
674,"[190162, 190624, 190166, 1059712]",88
679,"[190162, 190624, 190166, 1059712, 190824]",88
682,"[190166, 257527]",88
156,"[190166, 190629, 190824]",88
702,"[190166, 190824, 246171, 1059712]",88
724,"[190166, 190824, 190624, 246171]",88
727,"[190166, 190824, 190624, 246171, 1059712]",88
775,"[190162, 190166, 190624, 190824]",88
882,"[190162, 190166, 190624, 1059712]",88
798,"[190162, 190166, 246171]",88
829,"[190162, 190166, 190629]",88
830,"[190162, 190166, 190629, 190624]",88
834,"[190162, 190166, 190629, 190624, 190824]",88
850,"[190162, 190166, 190629, 190824]",88
851,"[190162, 190166, 190629, 190824, 190624]",88
855,"[190162, 190166, 190629, 190824, 1059712]",88
856,"[190162, 190166, 190629, 190824, 190624]",88
857,"[190162, 190166, 190629, 1059712]",88
858,"[190162, 190166, 190629, 1059712, 190624]",88
879,"[190162, 190166, 190624, 190629]",88
881,"[190162, 190166, 190624, 190824]",88
169,"[190166, 190629, 190824, 1059712]",88
1008,"[190162, 190166, 1059712, 190624, 190824]",88
120,"[190624, 190629, 254723]",88
52,"[190166, 246171, 1059712]",88
30,"[246171, 254723]",88
123,"[190166, 190629]",88
144,"[190166, 190629, 246171, 254723, 670716]",87
726,"[190166, 190824, 190624, 246171, 670716]",87
716,"[190166, 190824, 246171, 190624, 191040]",87
717,"[190166, 190824, 670716]",87
718,"[190166, 190824, 670716, 1059712]",87
68,"[190166, 246171, 190624, 670716, 1059712]",87
67,"[190166, 246171, 190624, 670716]",87
721,"[190166, 190824, 190624, 271009]",87
722,"[190166, 190824, 190624, 271009, 670716]",87
723,"[190166, 190824, 190624, 271009, 1059712]",87
66,"[190166, 246171, 190624, 271009, 1059712]",87
725,"[190166, 190824, 190624, 246171, 271009]",87
728,"[190166, 190824, 190624, 246171, 254723]",87
65,"[190166, 246171, 190624, 271009, 670716]",87
714,"[190166, 190824, 246171, 190624, 271009]",87
729,"[190166, 190824, 190624, 246171, 190629]",87
730,"[190166, 190824, 190624, 670716]",87
731,"[190166, 190824, 190624, 670716, 1059712]",87
64,"[190166, 246171, 190624, 271009]",87
733,"[190166, 190824, 190624, 271009]",87
734,"[190166, 190824, 190624, 271009]",87
735,"[190166, 190824, 190624, 271009, 246171]",87
736,"[190166, 190824, 190624, 271009, 670716]",87
715,"[190166, 190824, 246171, 190624, 190629]",87
713,"[190166, 190824, 246171, 190624, 254723]",87
738,"[190166, 190824, 190624, 246171]",87
712,"[190166, 190824, 246171, 190624, 1059712]",87
689,"[190166, 190824, 271009, 190624]",87
690,"[190166, 190824, 271009, 190624, 670716]",87
691,"[190166, 190824, 271009, 190624, 1059712]",87
692,"[190166, 190824, 271009, 190624, 246171]",87
693,"[190166, 190824, 271009, 190624, 190629]",87
694,"[190166, 190824, 271009, 190624, 191040]",87
70,"[190166, 246171, 190624, 254723]",87
696,"[190166, 190824, 246171, 271009]",87
697,"[190166, 190824, 246171, 271009, 670716]",87
698,"[190166, 190824, 246171, 271009, 1059712]",87
699,"[190166, 190824, 246171, 271009, 190624]",87
700,"[190166, 190824, 246171, 670716]",87
701,"[190166, 190824, 246171, 670716, 1059712]",87
69,"[190166, 246171, 190624, 1059712]",87
703,"[190166, 190824, 246171, 254723]",87
704,"[190166, 190824, 246171, 254723, 271009]",87
705,"[190166, 190824, 246171, 254723, 670716]",87
706,"[190166, 190824, 246171, 254723, 1059712]",87
707,"[190166, 190824, 246171, 190629]",87
708,"[190166, 190824, 246171, 190629, 1059712]",87
709,"[190166, 190824, 246171, 190624]",87
710,"[190166, 190824, 246171, 190624, 271009]",87
711,"[190166, 190824, 246171, 190624, 670716]",87
737,"[190166, 190824, 190624, 271009, 1059712]",87
739,"[190166, 190824, 190624, 246171]",87
687,"[190166, 190824, 271009, 670716, 1059712]",87
766,"[190162, 190166, 190624, 246171, 254723]",87
768,"[190162, 190166, 190624, 190629, 271009]",87
769,"[190162, 190166, 190624, 190629, 246171]",87
770,"[190162, 190166, 190624, 190629, 191040]",87
771,"[190162, 190166, 190624, 190629, 190824]",87
772,"[190162, 190166, 190624, 191040]",87
773,"[190162, 190166, 190624, 191040, 271009]",87
774,"[190162, 190166, 190624, 191040, 246171]",87
59,"[190166, 246171, 254723, 670716, 1059712]",87
776,"[190162, 190166, 190624, 190824, 271009]",87
777,"[190162, 190166, 190624, 190824, 246171]",87
778,"[190162, 190166, 190624, 190824, 191040]",87
58,"[190166, 246171, 254723, 670716]",87
780,"[190162, 190166, 271009, 190624]",87
781,"[190162, 190166, 271009, 190624, 246171]",87
782,"[190162, 190166, 271009, 190624, 190629]",87
783,"[190162, 190166, 271009, 190624, 191040]",87
784,"[190162, 190166, 271009, 190624, 190824]",87
785,"[190162, 190166, 271009, 670716]",87
786,"[190162, 190166, 271009, 670716, 190624]",87
787,"[190162, 190166, 271009, 670716, 1059712]",87
57,"[190166, 246171, 254723, 271009, 190624]",87
789,"[190162, 190166, 271009, 1059712, 190624]",87
790,"[190162, 190166, 271009, 190624]",87
60,"[190166, 246171, 254723, 1059712]",87
765,"[190162, 190166, 190624, 246171, 271009]",87
740,"[190166, 190824, 190624, 246171, 271009]",87
764,"[190162, 190166, 190624, 246171]",87
741,"[190166, 190824, 190624, 246171, 670716]",87
742,"[190166, 190824, 190624, 246171, 1059712]",87
743,"[190166, 190824, 190624, 246171, 271009]",87
744,"[190166, 190824, 190624, 246171, 254723]",87
745,"[190166, 190824, 190624, 190629]",87
746,"[190166, 190824, 190624, 190629, 271009]",87
747,"[190166, 190824, 190624, 190629, 246171]",87
748,"[190166, 190824, 190624, 190629, 670716]",87
749,"[190166, 190824, 190624, 190629, 1059712]",87
750,"[190166, 190824, 190624, 190629, 271009]",87
751,"[190166, 190824, 190624, 190629, 246171]",87
752,"[190166, 190824, 190624, 190629, 191040]",87
753,"[190166, 190824, 190624, 191040]",87
754,"[190166, 190824, 190624, 191040, 271009]",87
755,"[190166, 190824, 190624, 191040, 246171]",87
756,"[190166, 190824, 190624, 191040, 670716]",87
757,"[190166, 190824, 190624, 191040, 1059712]",87
758,"[190166, 190824, 190624, 191040, 271009]",87
759,"[190166, 190824, 190624, 191040, 246171]",87
63,"[190166, 246171, 190624]",87
62,"[190166, 246171, 190629, 1059712]",87
61,"[190166, 246171, 190629]",87
763,"[190162, 190166, 190624, 271009]",87
688,"[190166, 190824, 271009, 1059712]",87
686,"[190166, 190824, 271009, 670716]",87
792,"[190162, 190166, 271009, 190624, 670716]",87
618,"[190162, 190624, 190166, 190629, 191040]",87
86,"[190166, 246171, 190624, 190629, 190824]",87
608,"[190162, 190624, 190824, 190166, 670716]",87
85,"[190166, 246171, 190624, 190629, 191040]",87
84,"[190166, 246171, 190624, 190629, 271009]",87
611,"[190162, 190624, 190166, 271009]",87
612,"[190162, 190624, 190166, 246171]",87
613,"[190162, 190624, 190166, 246171, 271009]",87
614,"[190162, 190624, 190166, 246171, 254723]",87
83,"[190166, 246171, 190624, 190629, 254723]",87
616,"[190162, 190624, 190166, 190629, 271009]",87
617,"[190162, 190624, 190166, 190629, 246171]",87
619,"[190162, 190624, 190166, 190629, 190824]",87
685,"[190166, 190824, 271009]",87
620,"[190162, 190624, 190166, 191040]",87
621,"[190162, 190624, 190166, 191040, 271009]",87
622,"[190162, 190624, 190166, 191040, 246171]",87
82,"[190166, 246171, 190624, 190629, 1059712]",87
624,"[190162, 190624, 190166, 190824, 271009]",87
625,"[190162, 190624, 190166, 190824, 246171]",87
626,"[190162, 190624, 190166, 190824, 191040]",87
627,"[190162, 190624, 190166, 271009]",87
628,"[190162, 190624, 190166, 271009]",87
629,"[190162, 190624, 190166, 271009, 246171]",87
630,"[190162, 190624, 190166, 271009, 190629]",87
606,"[190162, 190624, 190824, 190166, 246171]",87
605,"[190162, 190624, 190824, 190166, 271009]",87
604,"[190162, 190624, 190824, 190166, 191040]",87
603,"[190162, 190624, 190824, 190166, 246171]",87
580,"[190162, 190624, 190629, 190166, 246171]",87
581,"[190162, 190624, 190629, 190166, 670716]",87
582,"[190162, 190624, 190629, 190166, 190824]",87
583,"[190162, 190624, 190629, 190166, 1059712]",87
584,"[190162, 190624, 191040]",87
585,"[190162, 190624, 191040, 271009]",87
586,"[190162, 190624, 191040, 271009, 190166]",87
587,"[190162, 190624, 191040, 246171]",87
588,"[190162, 190624, 191040, 246171, 271009]",87
589,"[190162, 190624, 191040, 246171, 254723]",87
590,"[190162, 190624, 191040, 246171, 190166]",87
88,"[190166, 246171, 190624, 191040, 271009]",87
592,"[190162, 190624, 190824, 271009]",87
593,"[190162, 190624, 190824, 271009, 190166]",87
594,"[190162, 190624, 190824, 246171]",87
595,"[190162, 190624, 190824, 246171, 271009]",87
596,"[190162, 190624, 190824, 246171, 254723]",87
597,"[190162, 190624, 190824, 246171, 190166]",87
598,"[190162, 190624, 190824, 191040]",87
599,"[190162, 190624, 190824, 191040, 271009]",87
600,"[190162, 190624, 190824, 191040, 246171]",87
87,"[190166, 246171, 190624, 191040]",87
602,"[190162, 190624, 190824, 190166, 271009]",87
631,"[190162, 190624, 190166, 271009, 191040]",87
632,"[190162, 190624, 190166, 271009, 190824]",87
633,"[190162, 190624, 190166, 271009, 670716]",87
660,"[190162, 190624, 190166, 670716, 190629]",87
662,"[190162, 190624, 190166, 670716, 190824]",87
663,"[190162, 190624, 190166, 670716, 1059712]",87
77,"[190166, 246171, 190624, 271009, 1059712]",87
76,"[190166, 246171, 190624, 271009, 670716]",87
666,"[190162, 190624, 190166, 190824, 271009]",87
667,"[190162, 190624, 190166, 190824, 246171]",87
668,"[190162, 190624, 190166, 190824, 190629]",87
669,"[190162, 190624, 190166, 190824, 191040]",87
670,"[190162, 190624, 190166, 190824, 271009]",87
671,"[190162, 190624, 190166, 190824, 246171]",87
672,"[190162, 190624, 190166, 190824, 670716]",87
75,"[190166, 246171, 190624, 271009]",87
74,"[190166, 246171, 190624, 271009]",87
675,"[190162, 190624, 190166, 1059712, 271009]",87
676,"[190162, 190624, 190166, 1059712, 246171]",87
677,"[190162, 190624, 190166, 1059712, 190629]",87
678,"[190162, 190624, 190166, 1059712, 191040]",87
73,"[190166, 246171, 190624, 254723, 1059712]",87
680,"[190166, 670716]",87
681,"[190166, 670716, 1059712]",87
72,"[190166, 246171, 190624, 254723, 670716]",87
683,"[190166, 697396]",87
71,"[190166, 246171, 190624, 254723, 271009]",87
661,"[190162, 190624, 190166, 670716, 191040]",87
659,"[190162, 190624, 190166, 670716, 246171]",87
634,"[190162, 190624, 190166, 271009, 1059712]",87
658,"[190162, 190624, 190166, 670716, 271009]",87
635,"[190162, 190624, 190166, 246171]",87
636,"[190162, 190624, 190166, 246171]",87
637,"[190162, 190624, 190166, 246171, 271009]",87
638,"[190162, 190624, 190166, 246171, 190629]",87
639,"[190162, 190624, 190166, 246171, 191040]",87
640,"[190162, 190624, 190166, 246171, 190824]",87
641,"[190162, 190624, 190166, 246171, 271009]",87
642,"[190162, 190624, 190166, 246171, 670716]",87
643,"[190162, 190624, 190166, 246171, 1059712]",87
644,"[190162, 190624, 190166, 246171, 254723]",87
81,"[190166, 246171, 190624, 190629, 670716]",87
646,"[190162, 190624, 190166, 190629]",87
647,"[190162, 190624, 190166, 190629, 271009]",87
648,"[190162, 190624, 190166, 190629, 246171]",87
649,"[190162, 190624, 190166, 190629, 191040]",87
80,"[190166, 246171, 190624, 190629, 271009]",87
651,"[190162, 190624, 190166, 190629, 271009]",87
652,"[190162, 190624, 190166, 190629, 246171]",87
653,"[190162, 190624, 190166, 190629, 670716]",87
79,"[190166, 246171, 190624, 190629]",87
78,"[190166, 246171, 190624, 271009, 254723]",87
656,"[190162, 190624, 190166, 190629, 246171]",87
657,"[190162, 190624, 190166, 670716]",87
791,"[190162, 190166, 271009, 190624]",87
795,"[190162, 190166, 271009, 190624, 190629]",87
793,"[190162, 190166, 271009, 190624, 1059712]",87
929,"[190162, 190166, 190624, 190629]",87
21,"[190166, 271009, 190624, 191040]",87
932,"[190162, 190166, 190624, 190629, 670716]",87
20,"[190166, 271009, 190624, 190629, 190824]",87
19,"[190166, 271009, 190624, 190629, 191040]",87
18,"[190166, 271009, 190624, 190629, 246171]",87
936,"[190162, 190166, 190624, 190629, 246171]",87
937,"[190162, 190166, 190624, 190629, 191040]",87
938,"[190162, 190166, 190624, 190629, 190824]",87
939,"[190162, 190166, 190624, 190629, 254723]",87
940,"[190162, 190166, 190624, 190629, 246171]",87
941,"[190162, 190166, 190624, 191040]",87
942,"[190162, 190166, 190624, 191040, 271009]",87
943,"[190162, 190166, 190624, 191040, 246171]",87
944,"[190162, 190166, 190624, 191040, 190629]",87
945,"[190162, 190166, 190624, 191040, 670716]",87
946,"[190162, 190166, 190624, 191040, 190824]",87
947,"[190162, 190166, 190624, 191040, 1059712]",87
948,"[190162, 190166, 190624, 191040, 271009]",87
949,"[190162, 190166, 190624, 191040, 246171]",87
17,"[190166, 271009, 190624, 190629, 1059712]",87
16,"[190166, 271009, 190624, 190629, 670716]",87
952,"[190162, 190166, 190624, 190824, 271009]",87
953,"[190162, 190166, 190624, 190824, 246171]",87
22,"[190166, 271009, 190624, 191040, 670716]",87
23,"[190166, 271009, 190624, 191040, 1059712]",87
955,"[190162, 190166, 190624, 190824, 670716]",87
927,"[190162, 190166, 190624, 246171, 254723]",87
903,"[190162, 190166, 190624, 670716]",87
904,"[190162, 190166, 190624, 670716, 1059712]",87
906,"[190162, 190166, 190624, 190824, 271009]",87
29,"[190166, 271009, 190624, 190824, 191040]",87
908,"[190162, 190166, 190624, 190824, 670716]",87
28,"[190166, 271009, 190624, 190824, 246171]",87
27,"[190166, 271009, 190624, 190824, 1059712]",87
26,"[190166, 271009, 190624, 190824, 670716]",87
912,"[190162, 190166, 190624, 271009]",87
25,"[190166, 271009, 190624, 190824]",87
914,"[190162, 190166, 190624, 271009, 190629]",87
915,"[190162, 190166, 190624, 271009, 670716]",87
24,"[190166, 271009, 190624, 191040, 246171]",87
917,"[190162, 190166, 190624, 271009, 1059712]",87
918,"[190162, 190166, 190624, 271009, 254723]",87
919,"[190162, 190166, 190624, 246171]",87
920,"[190162, 190166, 190624, 246171]",87
921,"[190162, 190166, 190624, 246171, 271009]",87
922,"[190162, 190166, 190624, 246171, 190629]",87
923,"[190162, 190166, 190624, 246171, 670716]",87
924,"[190162, 190166, 190624, 246171, 190824]",87
925,"[190162, 190166, 190624, 246171, 1059712]",87
926,"[190162, 190166, 190624, 246171, 271009]",87
15,"[190166, 271009, 190624, 190629]",87
14,"[190166, 271009, 190624, 246171, 254723]",87
794,"[190162, 190166, 271009, 190624, 246171]",87
983,"[190162, 190166, 190824, 246171, 670716]",87
985,"[190162, 190166, 190824, 246171, 254723]",87
986,"[190162, 190166, 190824, 246171, 190624]",87
987,"[190162, 190166, 190824, 670716]",87
988,"[190162, 190166, 190824, 670716, 190624]",87
989,"[190162, 190166, 190824, 670716, 1059712]",87
10,"[190166, 271009, 190624, 1059712]",87
9,"[190166, 271009, 190624, 670716, 1059712]",87
8,"[190166, 271009, 190624, 670716]",87
7,"[190166, 271009, 190624]",87
994,"[190162, 190166, 190824, 190624, 271009]",87
995,"[190162, 190166, 190824, 190624, 246171]",87
996,"[190162, 190166, 190824, 190624, 670716]",87
5,"[190166, 271009, 670716, 1059712]",87
998,"[190162, 190166, 190824, 190624, 271009]",87
999,"[190162, 190166, 190824, 190624, 246171]",87
1000,"[190162, 190166, 190824, 190624, 190629]",87
1001,"[190162, 190166, 190824, 190624, 191040]",87
4,"[190166, 271009, 670716]",87
2,"[190624, 271009, 254723]",87
1004,"[190162, 190166, 1059712, 190624, 271009]",87
1005,"[190162, 190166, 1059712, 190624, 246171]",87
1006,"[190162, 190166, 1059712, 190624, 190629]",87
1007,"[190162, 190166, 1059712, 190624, 191040]",87
984,"[190162, 190166, 190824, 246171, 1059712]",87
982,"[190162, 190166, 190824, 246171, 271009]",87
957,"[190162, 190166, 190624, 190824, 271009]",87
981,"[190162, 190166, 190824, 246171, 190624]",87
958,"[190162, 190166, 190624, 190824, 246171]",87
959,"[190162, 190166, 190624, 190824, 191040]",87
960,"[190162, 190166, 670716]",87
961,"[190162, 190166, 670716, 190624]",87
962,"[190162, 190166, 670716, 190624, 271009]",87
963,"[190162, 190166, 670716, 190624, 246171]",87
964,"[190162, 190166, 670716, 190624, 190629]",87
965,"[190162, 190166, 670716, 190624, 191040]",87
966,"[190162, 190166, 670716, 190624, 190824]",87
967,"[190162, 190166, 670716, 1059712]",87
968,"[190162, 190166, 670716, 1059712, 190624]",87
13,"[190166, 271009, 190624, 246171, 1059712]",87
12,"[190166, 271009, 190624, 246171, 670716]",87
971,"[190162, 190166, 190824, 190624, 271009]",87
972,"[190162, 190166, 190824, 190624, 246171]",87
973,"[190162, 190166, 190824, 190624, 190629]",87
974,"[190162, 190166, 190824, 190624, 191040]",87
975,"[190162, 190166, 190824, 271009]",87
976,"[190162, 190166, 190824, 271009, 190624]",87
977,"[190162, 190166, 190824, 271009, 670716]",87
978,"[190162, 190166, 190824, 271009, 1059712]",87
979,"[190162, 190166, 190824, 271009, 190624]",87
11,"[190166, 271009, 190624, 246171]",87
902,"[190162, 190166, 190624, 190629, 246171]",87
33,"[190629, 246171, 254723]",87
34,"[190629, 246171, 254723]",87
820,"[190162, 190166, 246171, 190624]",87
822,"[190162, 190166, 246171, 190624, 670716]",87
823,"[190162, 190166, 246171, 190624, 1059712]",87
824,"[190162, 190166, 246171, 190624, 254723]",87
825,"[190162, 190166, 246171, 190624, 271009]",87
826,"[190162, 190166, 246171, 190624, 190629]",87
827,"[190162, 190166, 246171, 190624, 191040]",87
828,"[190162, 190166, 246171, 190624, 190824]",87
55,"[190166, 246171, 254723, 271009, 670716]",87
54,"[190166, 246171, 254723, 271009]",87
831,"[190162, 190166, 190629, 190624, 271009]",87
832,"[190162, 190166, 190629, 190624, 246171]",87
833,"[190162, 190166, 190629, 190624, 191040]",87
53,"[190166, 246171, 254723]",87
835,"[190162, 190166, 190629, 271009]",87
836,"[190162, 190166, 190629, 271009, 190624]",87
837,"[190162, 190166, 190629, 271009, 670716]",87
838,"[190162, 190166, 190629, 271009, 1059712]",87
839,"[190162, 190166, 190629, 271009, 190624]",87
840,"[190162, 190166, 190629, 246171]",87
841,"[190162, 190166, 190629, 246171, 190624]",87
842,"[190162, 190166, 190629, 246171, 271009]",87
843,"[190162, 190166, 190629, 246171, 670716]",87
844,"[190162, 190166, 190629, 246171, 1059712]",87
821,"[190162, 190166, 246171, 190624, 271009]",87
819,"[190162, 190166, 246171, 190624]",87
899,"[190162, 190166, 190624, 190629, 670716]",87
818,"[190162, 190166, 246171, 254723, 1059712]",87
578,"[190162, 190624, 190629, 190166, 190824]",87
796,"[190162, 190166, 271009, 190624, 191040]",87
797,"[190162, 190166, 271009, 190624, 190824]",87
56,"[190166, 246171, 254723, 271009, 1059712]",87
799,"[190162, 190166, 246171, 190624]",87
800,"[190162, 190166, 246171, 190624, 271009]",87
801,"[190162, 190166, 246171, 190624, 190629]",87
802,"[190162, 190166, 246171, 190624, 191040]",87
803,"[190162, 190166, 246171, 190624, 190824]",87
804,"[190162, 190166, 246171, 271009]",87
805,"[190162, 190166, 246171, 271009, 190624]",87
806,"[190162, 190166, 246171, 271009, 670716]",87
807,"[190162, 190166, 246171, 271009, 1059712]",87
808,"[190162, 190166, 246171, 271009, 190624]",87
809,"[190162, 190166, 246171, 670716]",87
810,"[190162, 190166, 246171, 670716, 190624]",87
811,"[190162, 190166, 246171, 670716, 1059712]",87
812,"[190162, 190166, 246171, 1059712]",87
813,"[190162, 190166, 246171, 1059712, 190624]",87
814,"[190162, 190166, 246171, 254723]",87
815,"[190162, 190166, 246171, 254723, 190624]",87
816,"[190162, 190166, 246171, 254723, 271009]",87
817,"[190162, 190166, 246171, 254723, 670716]",87
845,"[190162, 190166, 190629, 246171, 254723]",87
846,"[190162, 190166, 190629, 246171, 190624]",87
847,"[190162, 190166, 190629, 670716]",87
848,"[190162, 190166, 190629, 670716, 190624]",87
45,"[190166, 246171, 271009, 190624, 670716]",87
877,"[190162, 190166, 190624, 271009]",87
878,"[190162, 190166, 190624, 246171]",87
44,"[190166, 246171, 271009, 190624]",87
880,"[190162, 190166, 190624, 670716]",87
43,"[190166, 246171, 271009, 1059712]",87
42,"[190166, 246171, 271009, 670716, 1059712]",87
883,"[190162, 190166, 190624, 271009]",87
884,"[190162, 190166, 190624, 246171]",87
41,"[190166, 246171, 271009, 670716]",87
886,"[190162, 190166, 190624, 191040]",87
40,"[190166, 246171, 271009]",87
38,"[190624, 246171, 254723, 271009]",87
889,"[190162, 190166, 190624, 271009, 670716]",87
37,"[190624, 246171, 254723]",87
36,"[190624, 246171, 271009]",87
892,"[190162, 190166, 190624, 246171, 271009]",87
893,"[190162, 190166, 190624, 246171, 670716]",87
894,"[190162, 190166, 190624, 246171, 1059712]",87
895,"[190162, 190166, 190624, 246171, 254723]",87
35,"[190624, 246171]",87
897,"[190162, 190166, 190624, 190629, 271009]",87
898,"[190162, 190166, 190624, 190629, 246171]",87
46,"[190166, 246171, 271009, 190624, 1059712]",87
874,"[190162, 190166, 190629, 190624, 190824]",87
873,"[190162, 190166, 190629, 190624, 191040]",87
860,"[190162, 190166, 190629, 246171, 190624]",87
849,"[190162, 190166, 190629, 670716, 1059712]",87
51,"[190166, 246171, 670716, 1059712]",87
852,"[190162, 190166, 190629, 190824, 271009]",87
853,"[190162, 190166, 190629, 190824, 246171]",87
854,"[190162, 190166, 190629, 190824, 670716]",87
50,"[190166, 246171, 670716]",87
49,"[190166, 246171, 271009, 190624, 190824]",87
48,"[190166, 246171, 271009, 190624, 191040]",87
47,"[190166, 246171, 271009, 190624, 190629]",87
859,"[190162, 190166, 190629, 246171]",87
861,"[190162, 190166, 190629, 246171, 190824]",87
872,"[190162, 190166, 190629, 190624, 246171]",87
862,"[190162, 190166, 190629, 246171, 1059712]",87
863,"[190162, 190166, 190629, 246171, 254723]",87
864,"[190162, 190166, 190629, 190624]",87
865,"[190162, 190166, 190629, 190624]",87
866,"[190162, 190166, 190629, 190624, 271009]",87
867,"[190162, 190166, 190629, 190624, 246171]",87
868,"[190162, 190166, 190629, 190624, 670716]",87
869,"[190162, 190166, 190629, 190624, 190824]",87
870,"[190162, 190166, 190629, 190624, 1059712]",87
871,"[190162, 190166, 190629, 190624, 271009]",87
579,"[190162, 190624, 190629, 190166, 271009]",87
576,"[190162, 190624, 190629, 190166, 246171]",87
577,"[190162, 190624, 190629, 190166, 191040]",87
279,"[190166, 190624, 190629, 246171, 254723]",87
281,"[190166, 190624, 190629, 670716, 1059712]",87
129,"[190166, 190629, 271009, 190624, 670716]",87
283,"[190166, 190624, 190629, 190824, 271009]",87
284,"[190166, 190624, 190629, 190824, 246171]",87
285,"[190166, 190624, 190629, 190824, 670716]",87
128,"[190166, 190629, 271009, 190624]",87
127,"[190166, 190629, 271009, 1059712]",87
288,"[190166, 190624, 190629, 246171]",87
289,"[190166, 190624, 190629, 246171, 190824]",87
290,"[190166, 190624, 190629, 246171, 1059712]",87
291,"[190166, 190624, 190629, 246171, 254723]",87
292,"[190166, 190624, 670716]",87
293,"[190166, 190624, 670716, 1059712]",87
126,"[190166, 190629, 271009, 670716, 1059712]",87
295,"[190166, 190624, 697396]",87
125,"[190166, 190629, 271009, 670716]",87
297,"[190166, 190624, 190824, 271009]",87
298,"[190166, 190624, 190824, 271009, 670716]",87
299,"[190166, 190624, 190824, 271009, 1059712]",87
124,"[190166, 190629, 271009]",87
301,"[190166, 190624, 190824, 246171, 271009]",87
302,"[190166, 190624, 190824, 246171, 670716]",87
304,"[190166, 190624, 190824, 246171, 254723]",87
280,"[190166, 190624, 190629, 670716]",87
278,"[190166, 190624, 190629, 246171, 1059712]",87
306,"[190166, 190624, 190824, 670716]",87
277,"[190166, 190624, 190629, 246171, 670716]",87
134,"[190166, 190629, 246171]",87
255,"[190166, 190624, 271009, 670716]",87
256,"[190166, 190624, 271009, 670716, 1059712]",87
133,"[190166, 190629, 271009, 190624, 190824]",87
132,"[190166, 190629, 271009, 190624, 191040]",87
259,"[190166, 190624, 246171, 271009]",87
260,"[190166, 190624, 246171, 271009, 670716]",87
261,"[190166, 190624, 246171, 271009, 1059712]",87
262,"[190166, 190624, 246171, 670716]",87
263,"[190166, 190624, 246171, 670716, 1059712]",87
131,"[190166, 190629, 271009, 190624, 246171]",87
265,"[190166, 190624, 246171, 254723]",87
266,"[190166, 190624, 246171, 254723, 271009]",87
267,"[190166, 190624, 246171, 254723, 670716]",87
268,"[190166, 190624, 246171, 254723, 1059712]",87
269,"[190166, 190624, 246171, 190629]",87
270,"[190166, 190624, 246171, 190629, 1059712]",87
130,"[190166, 190629, 271009, 190624, 1059712]",87
272,"[190166, 190624, 190629, 271009]",87
273,"[190166, 190624, 190629, 271009, 670716]",87
274,"[190166, 190624, 190629, 271009, 1059712]",87
275,"[190166, 190624, 190629, 246171]",87
276,"[190166, 190624, 190629, 246171, 271009]",87
305,"[190166, 190624, 190824, 246171, 190629]",87
307,"[190166, 190624, 190824, 670716, 1059712]",87
252,"[190624, 190824, 191040, 246171, 254723]",87
335,"[190166, 190624, 271009, 254723]",87
337,"[190166, 190624, 271009, 254723, 190824]",87
338,"[190166, 190624, 246171]",87
339,"[190166, 190624, 246171]",87
340,"[190166, 190624, 246171, 271009]",87
341,"[190166, 190624, 246171, 190629]",87
342,"[190166, 190624, 246171, 670716]",87
343,"[190166, 190624, 246171, 190824]",87
344,"[190166, 190624, 246171, 1059712]",87
345,"[190166, 190624, 246171, 271009]",87
346,"[190166, 190624, 246171, 254723]",87
347,"[190166, 190624, 246171, 271009]",87
348,"[190166, 190624, 246171, 271009, 670716]",87
349,"[190166, 190624, 246171, 271009, 1059712]",87
350,"[190166, 190624, 246171, 190629]",87
351,"[190166, 190624, 246171, 190629, 271009]",87
352,"[190166, 190624, 246171, 190629, 670716]",87
353,"[190166, 190624, 246171, 190629, 190824]",87
354,"[190166, 190624, 246171, 190629, 1059712]",87
355,"[190166, 190624, 246171, 670716]",87
356,"[190166, 190624, 246171, 670716, 1059712]",87
357,"[190166, 190624, 246171, 190824]",87
358,"[190166, 190624, 246171, 190824, 271009]",87
359,"[190166, 190624, 246171, 190824, 670716]",87
336,"[190166, 190624, 271009, 254723, 246171]",87
334,"[190166, 190624, 271009, 1059712]",87
122,"[190624, 190629, 246171]",87
333,"[190166, 190624, 271009, 190824, 1059712]",87
121,"[190624, 190629, 254723, 271009]",87
311,"[190166, 190624, 271009]",87
312,"[190166, 190624, 271009, 246171]",87
313,"[190166, 190624, 271009, 190629]",87
314,"[190166, 190624, 271009, 670716]",87
315,"[190166, 190624, 271009, 190824]",87
316,"[190166, 190624, 271009, 1059712]",87
119,"[190624, 190629, 190824, 191040, 246171]",87
318,"[190166, 190624, 271009, 246171, 670716]",87
319,"[190166, 190624, 271009, 246171, 1059712]",87
320,"[190166, 190624, 271009, 246171, 254723]",87
321,"[190166, 190624, 271009, 190629]",87
322,"[190166, 190624, 271009, 190629, 246171]",87
323,"[190166, 190624, 271009, 190629, 670716]",87
324,"[190166, 190624, 271009, 190629, 190824]",87
325,"[190166, 190624, 271009, 190629, 1059712]",87
326,"[190166, 190624, 271009, 670716]",87
327,"[190166, 190624, 271009, 670716, 1059712]",87
118,"[190624, 190629, 190824, 191040, 271009]",87
329,"[190166, 190624, 271009, 697396]",87
117,"[190624, 190629, 190824, 191040]",87
116,"[190624, 190629, 190824, 246171, 254723]",87
332,"[190166, 190624, 271009, 190824, 670716]",87
135,"[190166, 190629, 246171, 271009]",87
251,"[190624, 190824, 191040, 246171, 271009]",87
361,"[190166, 190624, 246171, 1059712]",87
171,"[190166, 190629, 190824, 190624, 271009]",87
173,"[190166, 190629, 190824, 190624, 670716]",87
140,"[190166, 190629, 246171, 670716, 1059712]",87
175,"[190166, 190629, 190824, 190624, 271009]",87
176,"[190166, 190629, 190824, 190624, 246171]",87
177,"[190166, 190629, 190824, 190624, 191040]",87
139,"[190166, 190629, 246171, 670716]",87
179,"[190166, 190629, 246171]",87
180,"[190166, 190629, 246171, 190824]",87
181,"[190166, 190629, 246171, 190824, 1059712]",87
182,"[190166, 190629, 246171, 190824, 190624]",87
183,"[190166, 190629, 246171, 1059712]",87
184,"[190166, 190629, 246171, 254723]",87
185,"[190166, 190629, 246171, 254723, 190824]",87
186,"[190166, 190629, 246171, 254723, 1059712]",87
187,"[190166, 190629, 190624]",87
188,"[190166, 190629, 190624, 271009]",87
189,"[190166, 190629, 190624, 271009, 670716]",87
190,"[190166, 190629, 190624, 271009, 1059712]",87
191,"[190166, 190629, 190624, 246171]",87
192,"[190166, 190629, 190624, 246171, 271009]",87
193,"[190166, 190629, 190624, 246171, 670716]",87
194,"[190166, 190629, 190624, 246171, 1059712]",87
195,"[190166, 190629, 190624, 246171, 254723]",87
172,"[190166, 190629, 190824, 190624, 246171]",87
141,"[190166, 190629, 246171, 1059712]",87
197,"[190166, 190629, 190624, 670716, 1059712]",87
142,"[190166, 190629, 246171, 254723]",87
146,"[190166, 190629, 246171, 190624]",87
147,"[190166, 190629, 246171, 190624, 271009]",87
148,"[190166, 190629, 246171, 190624, 670716]",87
149,"[190166, 190629, 246171, 190624, 1059712]",87
150,"[190166, 190629, 246171, 190624, 254723]",87
151,"[190166, 190629, 246171, 190624, 271009]",87
152,"[190166, 190629, 246171, 190624, 191040]",87
153,"[190166, 190629, 246171, 190624, 190824]",87
154,"[190166, 190629, 670716]",87
155,"[190166, 190629, 670716, 1059712]",87
143,"[190166, 190629, 246171, 254723, 271009]",87
157,"[190166, 190629, 190824, 271009]",87
158,"[190166, 190629, 190824, 271009, 670716]",87
159,"[190166, 190629, 190824, 271009, 1059712]",87
160,"[190166, 190629, 190824, 271009, 190624]",87
161,"[190166, 190629, 190824, 246171]",87
162,"[190166, 190629, 190824, 246171, 271009]",87
163,"[190166, 190629, 190824, 246171, 670716]",87
164,"[190166, 190629, 190824, 246171, 1059712]",87
165,"[190166, 190629, 190824, 246171, 254723]",87
166,"[190166, 190629, 190824, 246171, 190624]",87
167,"[190166, 190629, 190824, 670716]",87
168,"[190166, 190629, 190824, 670716, 1059712]",87
196,"[190166, 190629, 190624, 670716]",87
198,"[190166, 190629, 190624, 190824]",87
250,"[190624, 190824, 191040, 246171]",87
225,"[190166, 190629, 190624, 191040, 246171]",87
227,"[190166, 190629, 190624, 190824]",87
228,"[190166, 190629, 190624, 190824, 271009]",87
229,"[190166, 190629, 190624, 190824, 246171]",87
230,"[190166, 190629, 190624, 190824, 670716]",87
231,"[190166, 190629, 190624, 190824, 1059712]",87
232,"[190166, 190629, 190624, 190824, 271009]",87
233,"[190166, 190629, 190624, 190824, 246171]",87
234,"[190166, 190629, 190624, 190824, 191040]",87
138,"[190166, 190629, 246171, 271009, 190624]",87
137,"[190166, 190629, 246171, 271009, 1059712]",87
237,"[190624, 191040, 246171]",87
238,"[190624, 191040, 246171, 271009]",87
239,"[190624, 191040, 246171, 254723]",87
240,"[190624, 191040, 246171, 254723, 271009]",87
241,"[190624, 295879]",87
136,"[190166, 190629, 246171, 271009, 670716]",87
243,"[190624, 190824, 271009]",87
244,"[190624, 190824, 246171]",87
245,"[190624, 190824, 246171, 271009]",87
246,"[190624, 190824, 246171, 254723]",87
247,"[190624, 190824, 246171, 254723, 271009]",87
248,"[190624, 190824, 191040]",87
249,"[190624, 190824, 191040, 271009]",87
226,"[190166, 190629, 190624, 190824]",87
224,"[190166, 190629, 190624, 191040, 271009]",87
199,"[190166, 190629, 190624, 190824, 271009]",87
223,"[190166, 190629, 190624, 191040, 1059712]",87
200,"[190166, 190629, 190624, 190824, 246171]",87
201,"[190166, 190629, 190624, 190824, 670716]",87
202,"[190166, 190629, 190624, 190824, 1059712]",87
203,"[190166, 190629, 190624, 1059712]",87
204,"[190166, 190629, 190624, 271009]",87
205,"[190166, 190629, 190624, 271009]",87
206,"[190166, 190629, 190624, 271009, 246171]",87
207,"[190166, 190629, 190624, 271009, 670716]",87
208,"[190166, 190629, 190624, 271009, 190824]",87
209,"[190166, 190629, 190624, 271009, 1059712]",87
210,"[190166, 190629, 190624, 246171]",87
211,"[190166, 190629, 190624, 246171]",87
212,"[190166, 190629, 190624, 246171, 271009]",87
213,"[190166, 190629, 190624, 246171, 670716]",87
214,"[190166, 190629, 190624, 246171, 190824]",87
215,"[190166, 190629, 190624, 246171, 1059712]",87
216,"[190166, 190629, 190624, 246171, 271009]",87
217,"[190166, 190629, 190624, 246171, 254723]",87
218,"[190166, 190629, 190624, 191040]",87
219,"[190166, 190629, 190624, 191040, 271009]",87
220,"[190166, 190629, 190624, 191040, 246171]",87
221,"[190166, 190629, 190624, 191040, 670716]",87
222,"[190166, 190629, 190624, 191040, 190824]",87
360,"[190166, 190624, 246171, 190824, 1059712]",87
362,"[190166, 190624, 246171, 271009]",87
145,"[190166, 190629, 246171, 254723, 1059712]",87
497,"[190166, 190624, 190824, 191040]",87
499,"[190166, 190624, 190824, 271009, 670716]",87
500,"[190166, 190624, 190824, 271009, 1059712]",87
95,"[190166, 246171, 190624, 190824, 670716]",87
502,"[190166, 190624, 190824, 246171, 271009]",87
503,"[190166, 190624, 190824, 246171, 670716]",87
94,"[190166, 246171, 190624, 190824, 271009]",87
505,"[190166, 190624, 190824, 246171, 254723]",87
506,"[190166, 190624, 190824, 246171, 190629]",87
93,"[190166, 246171, 190624, 190824]",87
508,"[190166, 190624, 190824, 190629, 271009]",87
509,"[190166, 190624, 190824, 190629, 246171]",87
510,"[190166, 190624, 190824, 190629, 670716]",87
92,"[190166, 246171, 190624, 191040, 271009]",87
512,"[190166, 190624, 190824, 190629, 246171]",87
513,"[190166, 190624, 190824, 670716]",87
514,"[190166, 190624, 190824, 670716, 1059712]",87
91,"[190166, 246171, 190624, 191040, 254723]",87
516,"[190166, 190624, 190824, 271009]",87
517,"[190166, 190624, 190824, 271009]",87
518,"[190166, 190624, 190824, 271009, 246171]",87
519,"[190166, 190624, 190824, 271009, 190629]",87
520,"[190166, 190624, 190824, 271009, 670716]",87
521,"[190166, 190624, 190824, 271009, 1059712]",87
498,"[190166, 190624, 190824, 271009]",87
496,"[190166, 190624, 190824, 246171]",87
523,"[190166, 190624, 190824, 246171]",87
495,"[190166, 190624, 190824, 271009]",87
472,"[190166, 190624, 191040, 271009, 190629]",87
473,"[190166, 190624, 191040, 271009, 670716]",87
474,"[190166, 190624, 191040, 271009, 257527]",87
475,"[190166, 190624, 191040, 271009, 190824]",87
476,"[190166, 190624, 191040, 271009, 1059712]",87
477,"[190166, 190624, 191040, 246171]",87
478,"[190166, 190624, 191040, 246171]",87
479,"[190166, 190624, 191040, 246171, 271009]",87
480,"[190166, 190624, 191040, 246171, 190629]",87
481,"[190166, 190624, 191040, 246171, 670716]",87
482,"[190166, 190624, 191040, 246171, 190824]",87
483,"[190166, 190624, 191040, 246171, 1059712]",87
484,"[190166, 190624, 191040, 246171, 271009]",87
485,"[190166, 190624, 191040, 246171, 254723]",87
486,"[190166, 190624, 295879]",87
487,"[190166, 190624, 295879, 1059712]",87
102,"[190624, 190629, 271009, 254723]",87
99,"[190166, 246171, 190624, 190824, 191040]",87
490,"[190166, 190624, 190824, 271009]",87
98,"[190166, 246171, 190624, 190824, 271009]",87
97,"[190166, 246171, 190624, 190824, 254723]",87
493,"[190166, 190624, 190824, 670716]",87
96,"[190166, 246171, 190624, 190824, 1059712]",87
522,"[190166, 190624, 190824, 246171]",87
524,"[190166, 190624, 190824, 246171, 271009]",87
470,"[190166, 190624, 191040, 271009]",87
551,"[190162, 190624, 246171, 190166]",87
553,"[190162, 190624, 246171, 190166, 254723]",87
554,"[190162, 190624, 246171, 190166, 271009]",87
555,"[190162, 190624, 246171, 190166, 190629]",87
556,"[190162, 190624, 246171, 190166, 670716]",87
557,"[190162, 190624, 246171, 190166, 190824]",87
558,"[190162, 190624, 246171, 190166, 1059712]",87
89,"[190166, 246171, 190624, 191040, 670716]",87
560,"[190162, 190624, 190629, 271009]",87
561,"[190162, 190624, 190629, 271009, 190166]",87
562,"[190162, 190624, 190629, 246171]",87
563,"[190162, 190624, 190629, 246171, 271009]",87
564,"[190162, 190624, 190629, 246171, 254723]",87
565,"[190162, 190624, 190629, 246171, 190166]",87
566,"[190162, 190624, 190629, 191040]",87
567,"[190162, 190624, 190629, 191040, 271009]",87
568,"[190162, 190624, 190629, 191040, 246171]",87
569,"[190162, 190624, 190629, 190824]",87
570,"[190162, 190624, 190629, 190824, 271009]",87
571,"[190162, 190624, 190629, 190824, 246171]",87
572,"[190162, 190624, 190629, 190824, 191040]",87
573,"[190162, 190624, 190629, 190824, 190166]",87
574,"[190162, 190624, 190629, 190166]",87
575,"[190162, 190624, 190629, 190166, 271009]",87
552,"[190162, 190624, 246171, 190166, 271009]",87
550,"[190162, 190624, 246171, 254723, 271009]",87
525,"[190166, 190624, 190824, 246171, 190629]",87
549,"[190162, 190624, 246171, 254723]",87
526,"[190166, 190624, 190824, 246171, 670716]",87
527,"[190166, 190624, 190824, 246171, 1059712]",87
528,"[190166, 190624, 190824, 246171, 271009]",87
529,"[190166, 190624, 190824, 246171, 254723]",87
530,"[190166, 190624, 190824, 191040]",87
531,"[190166, 190624, 190824, 191040, 271009]",87
532,"[190166, 190624, 190824, 191040, 246171]",87
533,"[190166, 190624, 190824, 191040, 190629]",87
534,"[190166, 190624, 190824, 191040, 670716]",87
535,"[190166, 190624, 190824, 191040, 1059712]",87
536,"[190166, 190624, 190824, 191040, 271009]",87
537,"[190166, 190624, 190824, 191040, 246171]",87
90,"[190166, 246171, 190624, 191040, 1059712]",87
539,"[190162, 190624, 271009]",87
540,"[190162, 190624, 271009, 190166]",87
541,"[190162, 190624, 271009, 190166, 246171]",87
542,"[190162, 190624, 271009, 190166, 190629]",87
543,"[190162, 190624, 271009, 190166, 670716]",87
544,"[190162, 190624, 271009, 190166, 190824]",87
545,"[190162, 190624, 271009, 190166, 1059712]",87
546,"[190162, 190624, 246171]",87
547,"[190162, 190624, 246171, 271009]",87
548,"[190162, 190624, 246171, 271009, 190166]",87
471,"[190166, 190624, 191040, 271009, 246171]",87
103,"[190624, 190629, 246171]",87
363,"[190166, 190624, 246171, 271009]",87
112,"[190624, 190629, 190824]",87
391,"[190166, 190624, 190629, 246171, 670716]",87
392,"[190166, 190624, 190629, 246171, 1059712]",87
393,"[190166, 190624, 190629, 246171, 254723]",87
394,"[190166, 190624, 190629, 670716]",87
395,"[190166, 190624, 190629, 670716, 1059712]",87
396,"[190166, 190624, 190629, 257527]",87
397,"[190166, 190624, 190629, 697396]",87
111,"[190624, 190629, 191040, 246171, 254723]",87
399,"[190166, 190624, 190629, 190824, 271009]",87
110,"[190624, 190629, 191040, 246171, 271009]",87
401,"[190166, 190624, 190629, 190824, 670716]",87
402,"[190166, 190624, 190629, 190824, 1059712]",87
109,"[190624, 190629, 191040, 246171]",87
108,"[190624, 190629, 191040, 271009]",87
405,"[190166, 190624, 190629, 271009]",87
107,"[190624, 190629, 191040]",87
407,"[190166, 190624, 190629, 271009, 670716]",87
408,"[190166, 190624, 190629, 271009, 257527]",87
409,"[190166, 190624, 190629, 271009, 697396]",87
106,"[190624, 190629, 246171, 254723, 271009]",87
411,"[190166, 190624, 190629, 271009, 1059712]",87
412,"[190166, 190624, 190629, 271009, 254723]",87
413,"[190166, 190624, 190629, 246171]",87
390,"[190166, 190624, 190629, 246171, 271009]",87
113,"[190624, 190629, 190824, 271009]",87
415,"[190166, 190624, 190629, 246171, 271009]",87
387,"[190166, 190624, 190629, 271009, 670716]",87
364,"[190166, 190624, 246171, 271009, 190629]",87
365,"[190166, 190624, 246171, 271009, 670716]",87
366,"[190166, 190624, 246171, 271009, 190824]",87
367,"[190166, 190624, 246171, 271009, 1059712]",87
368,"[190166, 190624, 246171, 254723]",87
369,"[190166, 190624, 246171, 254723, 271009]",87
370,"[190166, 190624, 246171, 254723, 190629]",87
371,"[190166, 190624, 246171, 254723, 670716]",87
372,"[190166, 190624, 246171, 254723, 190824]",87
373,"[190166, 190624, 246171, 254723, 1059712]",87
374,"[190166, 190624, 246171, 254723, 271009]",87
115,"[190624, 190629, 190824, 246171, 271009]",87
376,"[190166, 190624, 190629]",87
377,"[190166, 190624, 190629, 271009]",87
378,"[190166, 190624, 190629, 246171]",87
379,"[190166, 190624, 190629, 670716]",87
380,"[190166, 190624, 190629, 190824]",87
381,"[190166, 190624, 190629, 1059712]",87
382,"[190166, 190624, 190629, 271009]",87
383,"[190166, 190624, 190629, 246171]",87
384,"[190166, 190624, 190629, 191040]",87
385,"[190166, 190624, 190629, 190824]",87
114,"[190624, 190629, 190824, 246171]",87
414,"[190166, 190624, 190629, 246171]",87
416,"[190166, 190624, 190629, 246171, 670716]",87
468,"[190166, 190624, 191040, 1059712]",87
443,"[190166, 190624, 190629, 246171, 271009]",87
104,"[190624, 190629, 246171, 271009]",87
446,"[190166, 190624, 191040, 271009]",87
447,"[190166, 190624, 191040, 271009, 670716]",87
448,"[190166, 190624, 191040, 271009, 1059712]",87
449,"[190166, 190624, 191040, 246171]",87
450,"[190166, 190624, 191040, 246171, 271009]",87
451,"[190166, 190624, 191040, 246171, 670716]",87
452,"[190166, 190624, 191040, 246171, 1059712]",87
453,"[190166, 190624, 191040, 246171, 254723]",87
454,"[190166, 190624, 191040, 190629]",87
455,"[190166, 190624, 191040, 190629, 271009]",87
456,"[190166, 190624, 191040, 190629, 246171]",87
457,"[190166, 190624, 191040, 190629, 670716]",87
458,"[190166, 190624, 191040, 190629, 190824]",87
459,"[190166, 190624, 191040, 190629, 1059712]",87
460,"[190166, 190624, 191040, 670716]",87
461,"[190166, 190624, 191040, 670716, 1059712]",87
462,"[190166, 190624, 191040, 257527]",87
463,"[190166, 190624, 191040, 190824]",87
464,"[190166, 190624, 191040, 190824, 271009]",87
465,"[190166, 190624, 191040, 190824, 246171]",87
466,"[190166, 190624, 191040, 190824, 670716]",87
467,"[190166, 190624, 191040, 190824, 1059712]",87
444,"[190166, 190624, 190629, 246171, 1059712]",87
442,"[190166, 190624, 190629, 246171]",87
417,"[190166, 190624, 190629, 246171, 190824]",87
441,"[190166, 190624, 190629, 254723, 271009]",87
418,"[190166, 190624, 190629, 246171, 1059712]",87
419,"[190166, 190624, 190629, 246171, 271009]",87
420,"[190166, 190624, 190629, 246171, 254723]",87
421,"[190166, 190624, 190629, 191040]",87
422,"[190166, 190624, 190629, 191040, 271009]",87
423,"[190166, 190624, 190629, 191040, 246171]",87
424,"[190166, 190624, 190629, 191040, 670716]",87
425,"[190166, 190624, 190629, 191040, 190824]",87
426,"[190166, 190624, 190629, 191040, 1059712]",87
427,"[190166, 190624, 190629, 191040, 271009]",87
428,"[190166, 190624, 190629, 191040, 246171]",87
429,"[190166, 190624, 190629, 190824]",87
430,"[190166, 190624, 190629, 190824]",87
431,"[190166, 190624, 190629, 190824, 271009]",87
432,"[190166, 190624, 190629, 190824, 246171]",87
433,"[190166, 190624, 190629, 190824, 670716]",87
434,"[190166, 190624, 190629, 190824, 1059712]",87
435,"[190166, 190624, 190629, 190824, 271009]",87
436,"[190166, 190624, 190629, 190824, 246171]",87
437,"[190166, 190624, 190629, 190824, 191040]",87
105,"[190624, 190629, 246171, 254723]",87
439,"[190166, 190624, 190629, 254723, 271009]",87
440,"[190166, 190624, 190629, 254723, 1059712]",87
0,"[254723, 271009]",87
